{
    "items":[
        {"line":"1", "rowMenu":[{"label":"DataTableサンプル", "src":"menu2.png", "to": "/datatable","style":"", "mrk":false,"jig":true, "tooltip":""},
                                {"label":"スプレッドシート", "src":"menu1.png", "to": "/spreaddatatable","style":"", "mrk":false,"jig":true, "tooltip":""},
                                {"label":"", "src":"", "to": "","style":"", "mrk":false,"jig":true, "tooltip":""},
                                {"label":"", "src":"", "to": "","style":"", "mrk":false,"jig":true, "tooltip":""},
                                {"label":"", "src":"", "to": "","style":"", "mrk":false,"jig":true, "tooltip":""},
                                {"label":"", "src":"", "to": "","style":"", "mrk":false,"jig":true, "tooltip":""},
                                {"label":"", "src":"", "to": "","style":"", "mrk":false,"jig":true, "tooltip":""},
                                {"label":"", "src":"", "to": "","style":"", "mrk":false,"jig":true, "tooltip":""}
                                ]},
        {"line":"2", "rowMenu":[{"label":"", "src":"", "to": "","style":"", "mrk":false,"jig":true, "tooltip":""},
                            {"label":"", "src":"", "to": "","style":"", "mrk":false,"jig":true, "tooltip":""},
                            {"label":"", "src":"", "to": "","style":"", "mrk":false,"jig":true, "tooltip":""},
                            {"label":"", "src":"", "to": "","style":"", "mrk":false,"jig":true, "tooltip":""},
                            {"label":"", "src":"", "to": "","style":"", "mrk":false,"jig":true, "tooltip":""},
                            {"label":"", "src":"", "to": "","style":"", "mrk":false,"jig":true, "tooltip":""},
                            {"label":"", "src":"", "to": "","style":"", "mrk":false,"jig":true, "tooltip":""},
                            {"label":"", "src":"", "to": "","style":"", "mrk":false,"jig":true, "tooltip":""}
                            ]},
        {"line":"3", "rowMenu":[{"label":"", "src":"", "to": "","style":"", "mrk":false,"jig":true, "tooltip":""},
                            {"label":"", "src":"", "to": "","style":"", "mrk":false,"jig":true, "tooltip":""},
                            {"label":"", "src":"", "to": "","style":"", "mrk":false,"jig":true, "tooltip":""},
                            {"label":"", "src":"", "to": "","style":"", "mrk":false,"jig":true, "tooltip":""},
                            {"label":"", "src":"", "to": "","style":"", "mrk":false,"jig":true, "tooltip":""},
                            {"label":"", "src":"", "to": "","style":"", "mrk":false,"jig":true, "tooltip":""},
                            {"label":"", "src":"", "to": "","style":"", "mrk":false,"jig":true, "tooltip":""},
                            {"label":"", "src":"", "to": "","style":"", "mrk":false,"jig":true, "tooltip":""}
                            ]},
        {"line":"4", "rowMenu":[{"label":"", "src":"", "to": "","style":"", "mrk":false,"jig":true, "tooltip":""},
                            {"label":"", "src":"", "to": "","style":"", "mrk":false,"jig":true, "tooltip":""},
                            {"label":"", "src":"", "to": "","style":"", "mrk":false,"jig":true, "tooltip":""},
                            {"label":"", "src":"", "to": "","style":"", "mrk":false,"jig":true, "tooltip":""},
                            {"label":"", "src":"", "to": "","style":"", "mrk":false,"jig":true, "tooltip":""},
                            {"label":"", "src":"", "to": "","style":"", "mrk":false,"jig":true, "tooltip":""},
                            {"label":"", "src":"", "to": "","style":"", "mrk":false,"jig":true, "tooltip":""},
                            {"label":"", "src":"", "to": "","style":"", "mrk":false,"jig":true, "tooltip":""}
                            ]},
        {"line":"5", "rowMenu":[{"label":"マスタサンプル", "src":"menu1.png", "to": "/spreaddatatablesample","style":"", "mrk":false,"jig":true, "tooltip":""},
                            {"label":"", "src":"", "to": "","style":"", "mrk":false,"jig":true, "tooltip":""},
                            {"label":"", "src":"", "to": "","style":"", "mrk":false,"jig":true, "tooltip":""},
                            {"label":"", "src":"", "to": "","style":"", "mrk":false,"jig":true, "tooltip":""},
                            {"label":"", "src":"", "to": "","style":"", "mrk":false,"jig":true, "tooltip":""},
                            {"label":"", "src":"", "to": "","style":"", "mrk":false,"jig":true, "tooltip":""},
                            {"label":"", "src":"", "to": "","style":"", "mrk":false,"jig":true, "tooltip":""},
                            {"label":"", "src":"", "to": "","style":"", "mrk":false,"jig":true, "tooltip":""}
                            ]},
        {"line":"6", "rowMenu":[{"label":"", "src":"", "to": "","style":"", "mrk":false,"jig":true, "tooltip":""},
                            {"label":"", "src":"", "to": "","style":"", "mrk":false,"jig":true, "tooltip":""},
                            {"label":"", "src":"", "to": "","style":"", "mrk":false,"jig":true, "tooltip":""},
                            {"label":"", "src":"", "to": "","style":"", "mrk":false,"jig":true, "tooltip":""},
                            {"label":"", "src":"", "to": "","style":"", "mrk":false,"jig":true, "tooltip":""},
                            {"label":"", "src":"", "to": "","style":"", "mrk":false,"jig":true, "tooltip":""},
                            {"label":"", "src":"", "to": "","style":"", "mrk":false,"jig":true, "tooltip":""},
                            {"label":"", "src":"", "to": "","style":"", "mrk":false,"jig":true, "tooltip":""}
                            ]}
    ]
}